{
  "standRight": {
    "Frame0": [ 0.0, 500.0, 500.0, 0.0 ],
    "Frame1": [ 499.0, 500.0, 999.0, 0.0 ],
    "Frame2": [ 999.0, 500.0, 1500.0, 0.0 ],
    "Frame3": [ 1505.0, 500.0, 2003.0, 0.0 ],
    "Frame4": [ 2003.0, 500.0, 2503.0, 0.0 ],
    "Frame5": [ 2503.0, 500.0, 3003.0, 0.0 ],
    "NumFrames": 6,
    "Repeating": true,
    "SecsPerFrame": 0.2
  },
  "standLeft": {
    "Frame0": [ 500.0, 500.0, 0.0, 0.0 ],
    "Frame1": [ 999.0, 500.0, 499.0, 0.0 ],
    "Frame2": [ 1500.0, 500.0, 999.0, 0.0 ],
    "Frame3": [ 2003.0, 500.0, 1505.0, 0.0 ],
    "Frame4": [ 2503.0, 500.0, 2003.0, 0.0 ],
    "Frame5": [ 3003.0, 500.0, 2503.0, 0.0 ],
    "NumFrames": 6,
    "Repeating": true,
    "SecsPerFrame": 0.2
  },
  "walkRight": {
    "Frame0": [ 0.0, 1000.0, 500.0, 500.0 ],
    "Frame1": [ 499.0, 1000.0, 999.0, 500.0 ],
    "Frame2": [ 999.0, 1000.0, 1500.0, 500.0 ],
    "Frame3": [ 1505.0, 1000.0, 2003.0, 500.0 ],
    "Frame4": [ 2003.0, 1000.0, 2503.0, 500.0 ],
    "Frame5": [ 2503.0, 1000.0, 3003.0, 500.0 ],
    "NumFrames": 6,
    "Repeating": true,
    "SecsPerFrame": 0.17000000178813934
  },
  "walkLeft": {
    "Frame0": [ 500.0, 1000.0, 0.0, 500.0 ],
    "Frame1": [ 999.0, 1000.0, 499.0, 500.0 ],
    "Frame2": [ 1500.0, 1000.0, 999.0, 500.0 ],
    "Frame3": [ 2003.0, 1000.0, 1505.0, 500.0 ],
    "Frame4": [ 2503.0, 1000.0, 2003.0, 500.0 ],
    "Frame5": [ 3003.0, 1000.0, 2503.0, 500.0 ],
    "NumFrames": 6,
    "Repeating": true,
    "SecsPerFrame": 0.17000000178813934
  },
  "flyRight": {
    "Frame0": [ 0.0, 1500.0, 500.0, 1000.0 ],
    "Frame1": [ 499.0, 1500.0, 999.0, 1000.0 ],
    "Frame2": [ 999.0, 1500.0, 1500.0, 1000.0 ],
    "Frame3": [ 1505.0, 1500.0, 2003.0, 1000.0 ],
    "Frame4": [ 2003.0, 1500.0, 2503.0, 1000.0 ],
    "Frame5": [ 2503.0, 1500.0, 3003.0, 1000.0 ],
    "NumFrames": 6,
    "Repeating": true,
    "SecsPerFrame": 0.25
  },
  "flyLeft": {
    "Frame0": [ 500.0, 1500.0, 0.0, 1000.0 ],
    "Frame1": [ 999.0, 1500.0, 499.0, 1000.0 ],
    "Frame2": [ 1500.0, 1500.0, 999.0, 1000.0 ],
    "Frame3": [ 2003.0, 1500.0, 1505.0, 1000.0 ],
    "Frame4": [ 2503.0, 1500.0, 2003.0, 1000.0 ],
    "Frame5": [ 3003.0, 1500.0, 2503.0, 1000.0 ],
    "NumFrames": 6,
    "Repeating": true,
    "SecsPerFrame": 0.25
  },
  "AT": {
    "Frame0": [ 0.0, 2000.0, 2000.0, 0.0 ],
    "Frame1": [ 2000.0, 2000.0, 4000.0, 0.0 ],
    "Frame2": [ 4000.0, 2000.0, 6000.0, 0.0 ],
    "Frame3": [ 0.0, 4000.0, 2000.0, 2000.0 ],
    "Frame4": [ 2000.0, 4000.0, 4000.0, 2000.0 ],
    "Frame5": [ 4000.0, 4000.0, 6000.0, 2000.0 ],
    "Frame6": [ 2000.0, 8000.0, 4000.0, 8000.0 ],
    "Frame7": [ 0.0, 6000.0, 2000.0, 4000.0 ],
    "Frame8": [ 2000.0, 6000.0, 4000.0, 4000.0 ],
    "Frame9": [ 4000.0, 6000.0, 6000.0, 4000.0 ],
    "Frame10": [ 0.0, 8000.0, 2000.0, 6000.0 ],
    "NumFrames": 11,
    "Repeating": true,
    "SecsPerFrame": 0.15
  }
}