{
  "standRight": {
    "Frame0": [ 0.0, 1200.0, 1200.0, 0.0 ],
    "Frame1": [ 1200.0, 1200.0, 2400.0, 0.0 ],
    "Frame2": [ 2400.0, 1200.0, 3600.0, 0.0 ],
    "Frame3": [ 3600.0, 1200.0, 4800.0, 0.0 ],
    "Frame4": [ 4800.0, 1200.0, 6000.0, 0.0 ],
    "Frame5": [ 6000.0, 1200.0, 7200.0, 0.0 ],
    "NumFrames": 6,
    "Repeating": true,
    "SecsPerFrame": 0.2
  },
  "standLeft": {
    "Frame0": [ 1200.0, 1200.0, 0.0, 0.0 ],
    "Frame1": [ 2400.0, 1200.0, 1200.0, 0.0 ],
    "Frame2": [ 3600.0, 1200.0, 2400.0, 0.0 ],
    "Frame3": [ 4800.0, 1200.0, 3600.0, 0.0 ],
    "Frame4": [ 6000.0, 1200.0, 4800.0, 0.0 ],
    "Frame5": [ 7200.0, 1200.0, 6000.0, 0.0 ],
    "NumFrames": 6,
    "Repeating": true,
    "SecsPerFrame": 0.2
  },
  "walkRight": {
    "Frame0": [ 0.0, 2400.0, 1200.0, 1200.0 ],
    "Frame1": [ 1200.0, 2400.0, 2400.0, 1200.0 ],
    "Frame2": [ 2400.0, 2400.0, 3600.0, 1200.0 ],
    "Frame3": [ 3600.0, 2400.0, 4800.0, 1200.0 ],
    "Frame4": [ 4800.0, 2400.0, 6000.0, 1200.0 ],
    "Frame5": [ 6000.0, 2400.0, 7200.0, 1200.0 ],
    "NumFrames": 6,
    "Repeating": true,
    "SecsPerFrame": 0.17000000178813934
  },
  "walkLeft": {
    "Frame0": [ 1200.0, 2400.0, 0.0, 1200.0 ],
    "Frame1": [ 2400.0, 2400.0, 1200.0, 1200.0 ],
    "Frame2": [ 3600.0, 2400.0, 2400.0, 1200.0 ],
    "Frame3": [ 4800.0, 2400.0, 3600.0, 1200.0 ],
    "Frame4": [ 6000.0, 2400.0, 4800.0, 1200.0 ],
    "Frame5": [ 7200.0, 2400.0, 6000.0, 1200.0 ],
    "NumFrames": 6,
    "Repeating": true,
    "SecsPerFrame": 0.17000000178813934
  },
  "flyRight": {
    "Frame0": [ 0.0, 3600.0, 1200.0, 2400.0 ],
    "Frame1": [ 1200.0, 3600.0, 2400.0, 2400.0 ],
    "Frame2": [ 2400.0, 3600.0, 3600.0, 2400.0 ],
    "Frame3": [ 3600.0, 3600.0, 4800.0, 2400.0 ],
    "Frame4": [ 4800.0, 3600.0, 6000.0, 2400.0 ],
    "Frame5": [ 6000.0, 3600.0, 7200.0, 2400.0 ],
    "NumFrames": 6,
    "Repeating": true,
    "SecsPerFrame": 0.25
  },
  "flyLeft": {
    "Frame0": [ 1200.0, 3600.0, 0.0, 2400.0 ],
    "Frame1": [ 2400.0, 3600.0, 1200.0, 2400.0 ],
    "Frame2": [ 3600.0, 3600.0, 2400.0, 2400.0 ],
    "Frame3": [ 4800.0, 3600.0, 3600.0, 2400.0 ],
    "Frame4": [ 6000.0, 3600.0, 4800.0, 2400.0 ],
    "Frame5": [ 7200.0, 3600.0, 6000.0, 2400.0 ],
    "NumFrames": 6,
    "Repeating": true,
    "SecsPerFrame": 0.25
  },
  "dashRight": {
    "Frame0": [ 0.0, 4800.0, 1200.0, 3600.0 ],
    "Frame1": [ 1200.0, 4800.0, 2400.0, 3600.0 ],
    "Frame2": [ 2400.0, 4800.0, 3600.0, 3600.0 ],
    "Frame3": [ 3600.0, 4800.0, 4800.0, 3600.0 ],
    "Frame4": [ 4800.0, 4800.0, 6000.0, 3600.0 ],
    "Frame5": [ 6000.0, 4800.0, 7200.0, 3600.0 ],
    "Frame6": [ 0.0, 6000.0, 1200.0, 4800.0 ],
    "Frame7": [ 1200.0, 6000.0, 2400.0, 4800.0 ],
    "Frame8": [ 2400.0, 6000.0, 3600.0, 4800.0 ],
    "Frame9": [ 1200.0, 6000.0, 2400.0, 4800.0 ],
    "Frame10": [ 2400.0, 6000.0, 3600.0, 4800.0 ],
    "Frame11": [ 1200.0, 6000.0, 2400.0, 4800.0 ],
    "Frame12": [ 2400.0, 6000.0, 3600.0, 4800.0 ],
    "Frame13": [ 1200.0, 6000.0, 2400.0, 4800.0 ],
    "NumFrames": 14,
    "Repeating": true,
    "SecsPerFrame": 0.04
  },
  "dashLeft": {
    "Frame0": [ 1200.0, 4800.0, 0.0, 3600.0 ],
    "Frame1": [ 2400.0, 4800.0, 1200.0, 3600.0 ],
    "Frame2": [ 3600.0, 4800.0, 2400.0, 3600.0 ],
    "Frame3": [ 4800.0, 4800.0, 3600.0, 3600.0 ],
    "Frame4": [ 6000.0, 4800.0, 4800.0, 3600.0 ],
    "Frame5": [ 7200.0, 4800.0, 6000.0, 3600.0 ],
    "Frame6": [ 1200.0, 6000.0, 0.0, 4800.0 ],
    "Frame7": [ 2400.0, 6000.0, 1200.0, 4800.0 ],
    "Frame8": [ 3600.0, 6000.0, 2400.0, 4800.0 ],
    "Frame9": [ 2400.0, 6000.0, 1200.0, 4800.0 ],
    "Frame10": [ 3600.0, 6000.0, 2400.0, 4800.0 ],
    "Frame11": [ 2400.0, 6000.0, 1200.0, 4800.0 ],
    "Frame12": [ 3600.0, 6000.0, 2400.0, 4800.0 ],
    "Frame13": [ 2400.0, 6000.0, 1200.0, 4800.0 ],
    "NumFrames": 14,
    "Repeating": true,
    "SecsPerFrame": 0.04
  },
  "attackRight1": {
    "Frame0": [ 0.0, 7200.0, 1200.0, 6000.0 ],
    "Frame1": [ 1200.0, 7200.0, 2400.0, 6000.0 ],
    "Frame2": [ 2400.0, 7200.0, 3600.0, 6000.0 ],
    "Frame3": [ 3600.0, 7200.0, 4800.0, 6000.0 ],
    "Frame4": [ 4800.0, 7200.0, 6000.0, 6000.0 ],
    "Frame5": [ 6000.0, 7200.0, 7200.0, 6000.0 ],
    "Frame6": [ 0.0, 8400.0, 1200.0, 7200.0 ],
    "Frame7": [ 1200.0, 8400.0, 2400.0, 7200.0 ],
    "Frame8": [ 2400.0, 8400.0, 3600.0, 7200.0 ],
    "NumFrames": 9,
    "Repeating": true,
    "SecsPerFrame": 0.08
  },
  "attackRight2": {
    "Frame0": [ 3600.0, 8400.0, 4800.0, 7200.0 ],
    "Frame1": [ 4800.0, 8400.0, 6000.0, 7200.0 ],
    "Frame2": [ 6000.0, 8400.0, 7200.0, 7200.0 ],
    "Frame3": [ 0.0, 9600.0, 1200.0, 8400.0 ],
    "Frame4": [ 1200.0, 9600.0, 2400.0, 8400.0 ],
    "NumFrames": 5,
    "Repeating": true,
    "SecsPerFrame": 0.08
  },
  "attackRight3": {
    "Frame0": [ 2400.0, 9600.0, 3600.0, 8400.0 ],
    "Frame1": [ 3600.0, 9600.0, 4800.0, 8400.0 ],
    "Frame2": [ 4800.0, 9600.0, 6000.0, 8400.0 ],
    "Frame3": [ 6000.0, 9600.0, 7200.0, 8400.0 ],
    "Frame4": [ 4800.0, 6000.0, 6000.0, 4800.0 ],
    "Frame5": [ 6000.0, 6000.0, 7200.0, 4800.0 ],
    "NumFrames": 6,
    "Repeating": true,
    "SecsPerFrame": 0.08
  },
  "attackLeft1": {
    "Frame0": [ 1200.0, 7200.0, 0.0, 6000.0 ],
    "Frame1": [ 2400.0, 7200.0, 1200.0, 6000.0 ],
    "Frame2": [ 3600.0, 7200.0, 2400.0, 6000.0 ],
    "Frame3": [ 4800.0, 7200.0, 3600.0, 6000.0 ],
    "Frame4": [ 6000.0, 7200.0, 4800.0, 6000.0 ],
    "Frame5": [ 7200.0, 7200.0, 6000.0, 6000.0 ],
    "Frame6": [ 1200.0, 8400.0, 0.0, 7200.0 ],
    "Frame7": [ 2400.0, 8400.0, 1200.0, 7200.0 ],
    "Frame8": [ 3600.0, 8400.0, 2400.0, 7200.0 ],
    "NumFrames": 9,
    "Repeating": false,
    "SecsPerFrame": 0.08
  },
  "attackLeft2": {
    "Frame0": [ 4800.0, 8400.0, 3600.0, 7200.0 ],
    "Frame1": [ 6000.0, 8400.0, 4800.0, 7200.0 ],
    "Frame2": [ 7200.0, 8400.0, 6000.0, 7200.0 ],
    "Frame3": [ 1200.0, 9600.0, 0.0, 8400.0 ],
    "Frame4": [ 2400.0, 9600.0, 1200.0, 8400.0 ],
    "NumFrames": 5,
    "Repeating": false,
    "SecsPerFrame": 0.08
  },
  "attackLeft3": {
    "Frame0": [ 3600.0, 9600.0, 2400.0, 8400.0 ],
    "Frame1": [ 4800.0, 9600.0, 3600.0, 8400.0 ],
    "Frame2": [ 6000.0, 9600.0, 4800.0, 8400.0 ],
    "Frame3": [ 7200.0, 9600.0, 6000.0, 8400.0 ],
    "Frame4": [ 6000.0, 6000.0, 4800.0, 4800.0 ],
    "Frame5": [ 7200.0, 6000.0, 6000.0, 4800.0 ],
    "NumFrames": 6,
    "Repeating": false,
    "SecsPerFrame": 0.08
  }
}
