{
  "standRight": {
    "Frame0": [ 0.0, 1200.0, 1200.0, 0.0 ],
    "Frame1": [ 1200.0, 1200.0, 2400.0, 0.0 ],
    "Frame2": [ 2400.0, 1200.0, 3600.0, 0.0 ],
    "Frame3": [ 3600.0, 1200.0, 4800.0, 0.0 ],
    "Frame4": [ 4800.0, 1200.0, 6000.0, 0.0 ],
    "Frame5": [ 6000.0, 1200.0, 7200.0, 0.0 ],
    "NumFrames": 6,
    "Repeating": true,
    "SecsPerFrame": 0.2
  },
  "standLeft": {
    "Frame0": [ 1200.0, 1200.0, 0.0, 0.0 ],
    "Frame1": [ 2400.0, 1200.0, 1200.0, 0.0 ],
    "Frame2": [ 3600.0, 1200.0, 2400.0, 0.0 ],
    "Frame3": [ 4800.0, 1200.0, 3600.0, 0.0 ],
    "Frame4": [ 6000.0, 1200.0, 4800.0, 0.0 ],
    "Frame5": [ 7200.0, 1200.0, 6000.0, 0.0 ],
    "NumFrames": 6,
    "Repeating": true,
    "SecsPerFrame": 0.2
  },
  "walkRight": {
    "Frame0": [ 0.0, 2400.0, 1200.0, 1200.0 ],
    "Frame1": [ 1200.0, 2400.0, 2400.0, 1200.0 ],
    "Frame2": [ 2400.0, 2400.0, 3600.0, 1200.0 ],
    "Frame3": [ 3600.0, 2400.0, 4800.0, 1200.0 ],
    "Frame4": [ 4800.0, 2400.0, 6000.0, 1200.0 ],
    "Frame5": [ 6000.0, 2400.0, 7200.0, 1200.0 ],
    "NumFrames": 6,
    "Repeating": true,
    "SecsPerFrame": 0.17000000178813934
  },
  "walkLeft": {
    "Frame0": [ 1200.0, 2400.0, 0.0, 1200.0 ],
    "Frame1": [ 2400.0, 2400.0, 1200.0, 1200.0 ],
    "Frame2": [ 3600.0, 2400.0, 2400.0, 1200.0 ],
    "Frame3": [ 4800.0, 2400.0, 3600.0, 1200.0 ],
    "Frame4": [ 6000.0, 2400.0, 4800.0, 1200.0 ],
    "Frame5": [ 7200.0, 2400.0, 6000.0, 1200.0 ],
    "NumFrames": 6,
    "Repeating": true,
    "SecsPerFrame": 0.17000000178813934
  },
  "flyRight": {
    "Frame0": [ 0.0, 3600.0, 1200.0, 2400.0 ],
    "Frame1": [ 1200.0, 3600.0, 2400.0, 2400.0 ],
    "Frame2": [ 2400.0, 3600.0, 3600.0, 2400.0 ],
    "Frame3": [ 3600.0, 3600.0, 4800.0, 2400.0 ],
    "Frame4": [ 4800.0, 3600.0, 6000.0, 2400.0 ],
    "Frame5": [ 6000.0, 3600.0, 7200.0, 2400.0 ],
    "NumFrames": 6,
    "Repeating": true,
    "SecsPerFrame": 0.25
  },
  "flyLeft": {
    "Frame0": [ 1200.0, 3600.0, 0.0, 2400.0 ],
    "Frame1": [ 2400.0, 3600.0, 1200.0, 2400.0 ],
    "Frame2": [ 3600.0, 3600.0, 2400.0, 2400.0 ],
    "Frame3": [ 4800.0, 3600.0, 3600.0, 2400.0 ],
    "Frame4": [ 6000.0, 3600.0, 4800.0, 2400.0 ],
    "Frame5": [ 7200.0, 3600.0, 6000.0, 2400.0 ],
    "NumFrames": 6,
    "Repeating": true,
    "SecsPerFrame": 0.25
  },
  "dashRight": {
    "Frame0": [ 0.0, 4800.0, 1200.0, 3600.0 ],
    "Frame1": [ 1200.0, 4800.0, 2400.0, 3600.0 ],
    "Frame2": [ 2400.0, 4800.0, 3600.0, 3600.0 ],
    "Frame3": [ 3600.0, 4800.0, 4800.0, 3600.0 ],
    "Frame4": [ 4800.0, 4800.0, 6000.0, 3600.0 ],
    "Frame5": [ 6000.0, 4800.0, 7200.0, 3600.0 ],
    "Frame6": [ 0.0, 6000.0, 1200.0, 4800.0 ],
    "Frame7": [ 1200.0, 6000.0, 2400.0, 4800.0 ],
    "Frame8": [ 2400.0, 6000.0, 3600.0, 4800.0 ],
    "Frame9": [ 1200.0, 6000.0, 2400.0, 4800.0 ],
    "Frame10": [ 2400.0, 6000.0, 3600.0, 4800.0 ],
    "Frame11": [ 1200.0, 6000.0, 2400.0, 4800.0 ],
    "Frame12": [ 2400.0, 6000.0, 3600.0, 4800.0 ],
    "Frame13": [ 1200.0, 6000.0, 2400.0, 4800.0 ],
    "NumFrames": 14,
    "Repeating": true,
    "SecsPerFrame": 0.04
  },
  "dashLeft": {
    "Frame0": [ 1200.0, 4800.0, 0.0, 3600.0 ],
    "Frame1": [ 2400.0, 4800.0, 1200.0, 3600.0 ],
    "Frame2": [ 3600.0, 4800.0, 2400.0, 3600.0 ],
    "Frame3": [ 4800.0, 4800.0, 3600.0, 3600.0 ],
    "Frame4": [ 6000.0, 4800.0, 4800.0, 3600.0 ],
    "Frame5": [ 7200.0, 4800.0, 6000.0, 3600.0 ],
    "Frame6": [ 1200.0, 6000.0, 0.0, 4800.0 ],
    "Frame7": [ 2400.0, 6000.0, 1200.0, 4800.0 ],
    "Frame8": [ 3600.0, 6000.0, 2400.0, 4800.0 ],
    "Frame9": [ 2400.0, 6000.0, 1200.0, 4800.0 ],
    "Frame10": [ 3600.0, 6000.0, 2400.0, 4800.0 ],
    "Frame11": [ 2400.0, 6000.0, 1200.0, 4800.0 ],
    "Frame12": [ 3600.0, 6000.0, 2400.0, 4800.0 ],
    "Frame13": [ 2400.0, 6000.0, 1200.0, 4800.0 ],
    "NumFrames": 14,
    "Repeating": true,
    "SecsPerFrame": 0.04
  },
  "attackRight": {
    "Frame0": [ 0.0, 7200.0, 1200.0, 6000.0 ],
    "Frame1": [ 1200.0, 7200.0, 2400.0, 6000.0 ],
    "Frame2": [ 2400.0, 7200.0, 3600.0, 6000.0 ],
    "Frame3": [ 3600.0, 7200.0, 4800.0, 6000.0 ],
    "Frame4": [ 4800.0, 7200.0, 6000.0, 6000.0 ],
    "Frame5": [ 6000.0, 7200.0, 7200.0, 6000.0 ],
    "Frame6": [ 0.0, 8400.0, 1200.0, 7200.0 ],
    "Frame7": [ 1200.0, 8400.0, 2400.0, 7200.0 ],
    "Frame8": [ 2400.0, 8400.0, 3600.0, 7200.0 ],
    "Frame9": [ 3600.0, 8400.0, 4800.0, 7200.0 ],
    "Frame10": [ 4800.0, 8400.0, 6000.0, 7200.0 ],
    "Frame11": [ 6000.0, 8400.0, 7200.0, 7200.0 ],
    "Frame12": [ 0.0, 9600.0, 1200.0, 8400.0 ],
    "Frame13": [ 1200.0, 9600.0, 2400.0, 8400.0 ],
    "Frame14": [ 2400.0, 9600.0, 3600.0, 8400.0 ],
    "Frame15": [ 3600.0, 9600.0, 4800.0, 8400.0 ],
    "Frame16": [ 4800.0, 9600.0, 6000.0, 8400.0 ],
    "Frame17": [ 6000.0, 9600.0, 7200.0, 8400.0 ],
    "Frame18": [ 4800.0, 6000.0, 6000.0, 4800.0 ],
    "Frame19": [ 6000.0, 6000.0, 7200.0, 4800.0 ],
    "NumFrames": 20,
    "Repeating": true,
    "SecsPerFrame": 0.15
  },
  "attackLeft": {
    "Frame0": [ 1200.0, 7200.0, 0.0, 6000.0 ],
    "Frame1": [ 2400.0, 7200.0, 1200.0, 6000.0 ],
    "Frame2": [ 3600.0, 7200.0, 2400.0, 6000.0 ],
    "Frame3": [ 4800.0, 7200.0, 3600.0, 6000.0 ],
    "Frame4": [ 6000.0, 7200.0, 4800.0, 6000.0 ],
    "Frame5": [ 7200.0, 7200.0, 6000.0, 6000.0 ],
    "Frame6": [ 1200.0, 8400.0, 0.0, 7200.0 ],
    "Frame7": [ 2400.0, 8400.0, 1200.0, 7200.0 ],
    "Frame8": [ 3600.0, 8400.0, 2400.0, 7200.0 ],
    "Frame9": [ 4800.0, 8400.0, 3600.0, 7200.0 ],
    "Frame10": [ 6000.0, 8400.0, 4800.0, 7200.0 ],
    "Frame11": [ 7200.0, 8400.0, 6000.0, 7200.0 ],
    "Frame12": [ 1200.0, 9600.0, 0.0, 8400.0 ],
    "Frame13": [ 2400.0, 9600.0, 1200.0, 8400.0 ],
    "Frame14": [ 3600.0, 9600.0, 2400.0, 8400.0 ],
    "Frame15": [ 4800.0, 9600.0, 3600.0, 8400.0 ],
    "Frame16": [ 6000.0, 9600.0, 4800.0, 8400.0 ],
    "Frame17": [ 7200.0, 9600.0, 6000.0, 8400.0 ],
    "Frame18": [ 6000.0, 6000.0, 4800.0, 4800.0 ],
    "Frame19": [ 7200.0, 6000.0, 6000.0, 4800.0 ],
    "NumFrames": 20,
    "Repeating": true,
    "SecsPerFrame": 0.15
  }
}